<?xml version="1.0" encoding="UTF-8"?>
<project-private xmlns="http://www.netbeans.org/ns/project-private/1">
    <editor-bookmarks xmlns="http://www.netbeans.org/ns/editor-bookmarks/2" lastBookmarkId="0"/>
    <open-files xmlns="http://www.netbeans.org/ns/projectui-open-files/2">
        <group name="NetBeansProjects">
            <file>file:/C:/Users/matsh/Documents/NetBeansProjects/SlickTest/src/Play.java</file>
            <file>file:/C:/Users/matsh/Documents/NetBeansProjects/SlickTest/src/Main.java</file>
        </group>
        <group name="NetBeansGames">
            <file>file:/D:/Workspaces/NetBeansGames/SlickTest/src/Play.java</file>
        </group>
    </open-files>
</project-private>
