<?xml version="1.0" encoding="UTF-8"?>
<project-private xmlns="http://www.netbeans.org/ns/project-private/1">
    <editor-bookmarks xmlns="http://www.netbeans.org/ns/editor-bookmarks/2" lastBookmarkId="0"/>
    <open-files xmlns="http://www.netbeans.org/ns/projectui-open-files/2">
        <group name="NetBeansProjects">
            <file>file:/D:/Workspaces/NetBeansProjects/Pathfinding/src/Play.java</file>
            <file>file:/D:/Workspaces/NetBeansProjects/Pathfinding/src/Map.java</file>
            <file>file:/D:/Workspaces/NetBeansProjects/Pathfinding/src/res/mapSheet.png</file>
            <file>file:/D:/Workspaces/NetBeansProjects/Pathfinding/src/res/map.png</file>
        </group>
    </open-files>
</project-private>
